label,message
ham,"Hey, are we still meeting for lunch today at 12:30?"
spam,"Congratulations! You've won a $1,000 Walmart Gift Card. Click here to claim your prize now: http://bit.ly/claim-prize"
spam,"URGENT: Your bank account has been suspended due to suspicious activity. Verify your identity immediately at http://secure-bank-login.com"
ham,"Hi Shivam, please find attached the weekly project status report for your review."
spam,"Double your Bitcoin in 24 hours! Guaranteed returns on crypto investment. Reply YES to get started."
ham,"Can you please send me the latest version of the slide deck before the presentation?"
spam,"Exclusive Offer! Get 80% off on designer watches and luxury bags. Limited time only! Buy now."
ham,"Thanks for sending the documents. I'll review them and get back to you by tomorrow morning."
spam,"You have 1 unread security alert on your account. Reset your password immediately: http://account-update-sec.com"
ham,"Let's schedule a team sync tomorrow at 3 PM to discuss the roadmap for Q4."
spam,"WINNER! As a valued customer you have been selected to receive a free iPhone 15 Pro! Call 1-800-555-0199 now!"
ham,"I checked the codebase and fixed the bug in the authentication module. Pushed to main branch."
spam,"Hot single girls in your area are looking for fun! Click here to chat now!"
ham,"Reminder: The library books you borrowed are due next Monday."
spam,"Get cheap prescription medication online without a doctor's visit! Fast worldwide shipping."
ham,"Could you please review the pull request when you have a moment?"
spam,"Dear friend, I am a Prince from Nigeria needing your help to transfer $25 Million USD out of the country. You will get 30%."
ham,"The server maintenance is scheduled for tonight from 2 AM to 4 AM EST. Expect minor downtime."
spam,"Earn $5,000 a week working from home! No experience required. Sign up today!"
ham,"Happy Birthday! Hope you have a wonderful day celebrating with family and friends."
spam,"FINAL NOTICE: Your tax refund of $4,320 is waiting to be processed. Submit your credit card details to claim."
ham,"The flight booking confirmation for your trip to San Francisco has been sent to your email."
spam,"Low rate mortgages available now! Refinance your home loan today and save thousands."
ham,"Don't forget to submit your timesheet before the end of the day."
spam,"Increase your website traffic by 10x with our automated SEO tools! Try free for 7 days."
ham,"Hey, can you pick up some milk and coffee on your way back home?"
spam,"ALERT: Your Netflix subscription has expired. Update your billing info now to prevent cancellation: http://netflix-renew-bill.com"
ham,"Great job on the presentation today! The client was very impressed with the demo."
spam,"Lose 10 pounds in 3 days with this miracle weight loss pill! Order now for 50% discount."
ham,"Attached is the agenda for tomorrow's client kickoff meeting."
spam,"You have won $50,000 in the International Email Lottery! Email lottery-dept@winner-claims.org to claim."
ham,"Please find the invoice #4092 attached for the services rendered last month."
spam,"Pre-approved credit card with $20,000 limit! Zero interest for the first 12 months. Apply now!"
ham,"The code refactoring is complete. All test cases passed successfully."
spam,"CLAIM YOUR CASH PRIZE! You are our lucky 1,000,000th visitor today!"
ham,"Let me know if you are free for a quick phone call this afternoon."
spam,"Work from home typing jobs paying $35 per hour! Immediate start available."
ham,"The team dinner is confirmed for Friday evening at 7 PM. See you all there!"
spam,"Your PayPal account has been limited due to unusual activity. Log in at http://paypal-verify-account.com to restore access."
ham,"Thanks for your help with the dataset preparation yesterday."
